insert into Wallet (WalletID, Balance, DateCreated) values (1, 10000, '7/14/2017');
insert into Wallet (WalletID, Balance, DateCreated) values (2, 10000, '11/14/2017');
insert into Wallet (WalletID, Balance, DateCreated) values (3, 10000, '12/26/2017');
insert into Wallet (WalletID, Balance, DateCreated) values (4, 10000, '7/27/2017');
insert into Wallet (WalletID, Balance, DateCreated) values (5, 10000, '3/14/2018');
insert into Wallet (WalletID, Balance, DateCreated) values (6, 10000, '1/27/2018');
insert into Wallet (WalletID, Balance, DateCreated) values (7, 10000, '3/30/2018');
insert into Wallet (WalletID, Balance, DateCreated) values (8, 10000, '7/4/2018');
insert into Wallet (WalletID, Balance, DateCreated) values (9, 10000, '12/7/2017');
insert into Wallet (WalletID, Balance, DateCreated) values (10, 10000, '2/14/2018');
insert into Wallet (WalletID, Balance, DateCreated) values (11, 10000, '1/19/2018');
insert into Wallet (WalletID, Balance, DateCreated) values (12, 10000, '3/28/2018');
insert into Wallet (WalletID, Balance, DateCreated) values (13, 10000, '11/10/2017');
insert into Wallet (WalletID, Balance, DateCreated) values (14, 10000, '3/24/2018');
insert into Wallet (WalletID, Balance, DateCreated) values (15, 10000, '2/3/2018');
insert into Wallet (WalletID, Balance, DateCreated) values (16, 10000, '7/31/2017');
insert into Wallet (WalletID, Balance, DateCreated) values (17, 10000, '12/12/2017');
insert into Wallet (WalletID, Balance, DateCreated) values (18, 10000, '8/12/2017');
insert into Wallet (WalletID, Balance, DateCreated) values (19, 10000, '4/7/2018');
insert into Wallet (WalletID, Balance, DateCreated) values (20, 10000, '4/9/2018');

insert into Account (AccountID, AccountName, Password, Email, UserName, RoleNumber, Address, Phone, BOD, WalletID, Balance, DateCreated, Status, Type) values (1, 'cdawdry0', '8ccc767aae6b0323d7aa833996891285', 'cdawdry0@opera.com', 'Cordey Dawdry', '569-25-8891', '0080 Cordelia Plaza', '439-382-1904', '4/19/2000', 1, 10000, '11/15/1998', 'Actived', 1);
insert into Account (AccountID, AccountName, Password, Email, UserName, RoleNumber, Address, Phone, BOD, WalletID, Balance, DateCreated, Status, Type) values (2, 'tholsall1', 'b36ad455464a0276837351b8ffad30df', 'tholsall1@weebly.com', 'Timofei Holsall', '810-16-2108', '3929 Summer Ridge Place', '438-934-1320', '2/1/2000', 2, 10000, '9/15/1999', 'Actived', 1);
insert into Account (AccountID, AccountName, Password, Email, UserName, RoleNumber, Address, Phone, BOD, WalletID, Balance, DateCreated, Status, Type) values (3, 'lscowen2', '09578ace0e9f780ec786fdac92860b07', 'lscowen2@symantec.com', 'Lissie Scowen', '446-18-1753', '02 Clarendon Hill', '834-307-1487', '4/19/1999', 3, 10000, '1/19/2000', 'Actived', 1);
insert into Account (AccountID, AccountName, Password, Email, UserName, RoleNumber, Address, Phone, BOD, WalletID, Balance, DateCreated, Status, Type) values (4, 'lpettingill3', '4e24990a18e015ac306490a9d6743056', 'lpettingill3@usatoday.com', 'Linea Pettingill', '458-54-3362', '3 Cottonwood Street', '876-625-4347', '3/23/1999', 4, 10000, '7/21/1998', 'Actived', 1);
insert into Account (AccountID, AccountName, Password, Email, UserName, RoleNumber, Address, Phone, BOD, WalletID, Balance, DateCreated, Status, Type) values (5, 'hnannoni4', '4db81e6e11e5d438b3def84cdfcdbe70', 'hnannoni4@merriam-webster.com', 'Henryetta Nannoni', '606-04-9060', '83 Anhalt Lane', '996-568-3788', '11/1/1998', 5, 10000, '7/16/1998', 'Actived', 1);
insert into Account (AccountID, AccountName, Password, Email, UserName, RoleNumber, Address, Phone, BOD, WalletID, Balance, DateCreated, Status, Type) values (6, 'hlanyon5', '8d0cb894e059207f8a9dcf837de3e3ed', 'hlanyon5@indiatimes.com', 'Hilary Lanyon', '715-68-0149', '71 Talmadge Plaza', '727-972-8581', '6/21/1999', 6, 10000, '3/6/1999', 'Actived', 1);
insert into Account (AccountID, AccountName, Password, Email, UserName, RoleNumber, Address, Phone, BOD, WalletID, Balance, DateCreated, Status, Type) values (7, 'fscalia6', 'd534a39c26a00578aef9e3446da46c3b', 'fscalia6@amazon.de', 'Fabe Scalia', '314-63-7717', '631 Rowland Park', '726-680-9221', '6/15/2000', 7, 10000, '5/29/1999', 'Actived', 1);
insert into Account (AccountID, AccountName, Password, Email, UserName, RoleNumber, Address, Phone, BOD, WalletID, Balance, DateCreated, Status, Type) values (8, 'kharlock7', '17011fa8744e0f1d654319a740570ddd', 'kharlock7@flavors.me', 'Karrie Harlock', '810-82-7853', '9 Loeprich Crossing', '796-382-2784', '7/9/1999', 8, 10000, '3/14/2000', 'Actived', 1);
insert into Account (AccountID, AccountName, Password, Email, UserName, RoleNumber, Address, Phone, BOD, WalletID, Balance, DateCreated, Status, Type) values (9, 'cbriatt8', 'dd430f3eab98ef6f629c2c27acba805d', 'cbriatt8@alibaba.com', 'Cristin Briatt', '843-09-2143', '9 South Trail', '289-820-5400', '12/27/1999', 9, 10000, '1/27/1999', 'Actived', 1);
insert into Account (AccountID, AccountName, Password, Email, UserName, RoleNumber, Address, Phone, BOD, WalletID, Balance, DateCreated, Status, Type) values (10, 'besp9', '1a3402c3223970a1325419d66d5ca7fb', 'besp9@flickr.com', 'Byron Esp', '235-49-2402', '010 Lunder Circle', '261-623-0408', '7/6/1999', 10, 10000, '4/20/2000', 'Actived', 1);
insert into Account (AccountID, AccountName, Password, Email, UserName, RoleNumber, Address, Phone, BOD, WalletID, Balance, DateCreated, Status, Type) values (11, 'ccleughera', '7e8cac09e34c1eacbee2a114e6cb26ed', 'ccleughera@dell.com', 'Cris Cleugher', '670-24-3121', '65563 Blackbird Road', '407-917-4836', '6/16/1999', 11, 10000, '12/11/1998', 'Actived', 1);
insert into Account (AccountID, AccountName, Password, Email, UserName, RoleNumber, Address, Phone, BOD, WalletID, Balance, DateCreated, Status, Type) values (12, 'cwaberb', '961b54fa2db94b55f56150de3fc0cf9a', 'cwaberb@patch.com', 'Clementius Waber', '232-07-5098', '802 Johnson Court', '520-159-4582', '8/9/1998', 12, 10000, '5/31/1999', 'Actived', 1);
insert into Account (AccountID, AccountName, Password, Email, UserName, RoleNumber, Address, Phone, BOD, WalletID, Balance, DateCreated, Status, Type) values (13, 'cstychc', '67851b1535a18d3c028e89895ad9cdbc', 'cstychc@cnbc.com', 'Claudius Stych', '159-92-8736', '82 La Follette Trail', '420-865-0228', '7/26/1998', 13, 10000, '1/3/2000', 'Actived', 1);
insert into Account (AccountID, AccountName, Password, Email, UserName, RoleNumber, Address, Phone, BOD, WalletID, Balance, DateCreated, Status, Type) values (14, 'kdemeterd', '972fc781ef5c83987b390b0f122bbc2a', 'kdemeterd@phpbb.com', 'Kristoffer Demeter', '451-25-4966', '5956 Stuart Park', '348-858-1877', '10/3/1999', 14, 10000, '12/3/1999', 'Actived', 1);
insert into Account (AccountID, AccountName, Password, Email, UserName, RoleNumber, Address, Phone, BOD, WalletID, Balance, DateCreated, Status, Type) values (15, 'fwhenhame', '2673740b03fcf4aefb2587d7433f6d73', 'fwhenhame@geocities.jp', 'Fremont Whenham', '605-09-7377', '5 Cascade Way', '209-477-5236', '4/3/2000', 15, 10000, '3/17/2000', 'Actived', 1);
insert into Account (AccountID, AccountName, Password, Email, UserName, Address, Phone, BOD, WalletID, Balance, DateCreated, Status, Type) values (16, 'mocoskerry0', 'dc5321400dd85a1c399407c6498954d6', 'mocoskerry0@abc.net.au', 'Miguela O''Coskerry', '5 Stoughton Trail', '469-746-6095', '9/3/1999', 16, 10000, '8/24/1999', 'Actived', 2);
insert into Account (AccountID, AccountName, Password, Email, UserName, Address, Phone, BOD, WalletID, Balance, DateCreated, Status, Type) values (17, 'jmunks1', '67a1ee95a55bc9ac80f857aa1ec0ce29', 'jmunks1@telegraph.co.uk', 'Jackie Munks', '3925 Crowley Point', '195-964-4604', '12/30/1999', 17, 10000, '9/10/1999', 'Actived', 2);
insert into Account (AccountID, AccountName, Password, Email, UserName, Address, Phone, BOD, WalletID, Balance, DateCreated, Status, Type) values (18, 'tantalffy2', '83691e96a4d9e75824ed404b5ec66419', 'tantalffy2@google.co.jp', 'Timoteo Antalffy', '7861 Melody Lane', '386-365-7537', '2/27/2000', 18, 10000, '12/30/1999', 'Actived', 2);
insert into Account (AccountID, AccountName, Password, Email, UserName, Address, Phone, BOD, WalletID, Balance, DateCreated, Status, Type) values (19, 'djeste3', 'd1c390b7c6a6d10a17a2825a4323143e', 'djeste3@harvard.edu', 'Dukey Jeste', '0776 Kenwood Avenue', '914-756-7624', '11/8/1999', 19, 10000, '7/21/1998', 'Actived', 2);
insert into Account (AccountID, AccountName, Password, Email, UserName, Address, Phone, BOD, WalletID, Balance, DateCreated, Status, Type) values (20, 'vknudsen0', 'a74fd60ae95061da08650e9a3ba094e6', 'vknudsen0@globo.com', 'Venita Knudsen', '6659 Kings Pass', '908-991-5508', '8/16/1998', 20, 10000, '7/9/2000', 'Actived', 3);

insert into BuyBalance (BBID, AccountID, WalletID, Value, Date) values (1, 1, 1, 10000, '10/14/1998');
insert into BuyBalance (BBID, AccountID, WalletID, Value, Date) values (2, 2, 2, 10000, '3/18/1999');
insert into BuyBalance (BBID, AccountID, WalletID, Value, Date) values (3, 3, 3, 10000, '11/14/1998');
insert into BuyBalance (BBID, AccountID, WalletID, Value, Date) values (4, 4, 4, 10000, '9/9/1998');
insert into BuyBalance (BBID, AccountID, WalletID, Value, Date) values (5, 5, 5, 10000, '9/23/1998');
insert into BuyBalance (BBID, AccountID, WalletID, Value, Date) values (6, 6, 6, 10000, '7/2/2000');
insert into BuyBalance (BBID, AccountID, WalletID, Value, Date) values (7, 7, 7, 10000, '10/12/1998');
insert into BuyBalance (BBID, AccountID, WalletID, Value, Date) values (8, 8, 8, 10000, '11/27/1999');
insert into BuyBalance (BBID, AccountID, WalletID, Value, Date) values (9, 9, 9, 10000, '11/13/1999');
insert into BuyBalance (BBID, AccountID, WalletID, Value, Date) values (10, 10, 10, 10000, '5/28/1999');
insert into BuyBalance (BBID, AccountID, WalletID, Value, Date) values (11, 11, 11, 10000, '3/18/1999');
insert into BuyBalance (BBID, AccountID, WalletID, Value, Date) values (12, 12, 12, 10000, '1/4/2000');
insert into BuyBalance (BBID, AccountID, WalletID, Value, Date) values (13, 13, 13, 10000, '10/6/1999');
insert into BuyBalance (BBID, AccountID, WalletID, Value, Date) values (14, 14, 14, 10000, '1/8/1999');
insert into BuyBalance (BBID, AccountID, WalletID, Value, Date) values (15, 15, 15, 10000, '10/29/1999');
insert into BuyBalance (BBID, AccountID, WalletID, Value, Date) values (16, 16, 16, 10000, '4/9/1999');
insert into BuyBalance (BBID, AccountID, WalletID, Value, Date) values (17, 17, 17, 10000, '4/10/2000');
insert into BuyBalance (BBID, AccountID, WalletID, Value, Date) values (18, 18, 18, 10000, '7/28/1998');
insert into BuyBalance (BBID, AccountID, WalletID, Value, Date) values (19, 19, 19, 10000, '7/8/1999');
insert into BuyBalance (BBID, AccountID, WalletID, Value, Date) values (20, 20, 20, 10000, '2/28/2000');

insert into Service (ServiceID, ServiceName, ProviderID, Detail, DateCreated, Status) values (1, 'Zooxo', 16, 'nec molestie sed justo pellentesque viverra pede ac diam cras pellentesque volutpat dui maecenas', '2/1/2014', 'Actived');
insert into Service (ServiceID, ServiceName, ProviderID, Detail, DateCreated, Status) values (2, 'Trunyx', 17, 'id luctus nec molestie sed justo pellentesque viverra pede ac diam cras pellentesque volutpat', '7/24/2011', 'Actived');
insert into Service (ServiceID, ServiceName, ProviderID, Detail, DateCreated, Status) values (3, 'Babbleset', 18, 'lorem integer tincidunt ante vel ipsum praesent blandit lacinia erat vestibulum sed magna at nunc', '7/2/2012', 'Actived');
insert into Service (ServiceID, ServiceName, ProviderID, Detail, DateCreated, Status) values (4, 'Roombo', 19, 'nulla ut erat id mauris vulputate elementum nullam varius nulla facilisi cras', '7/22/2014', 'Actived');

insert into Product (ProductID, ProductName, ServiceID, ProviderID, Price, Duration) values (1, 'Oxycodone Hydrochloride', 1, 16, 4154, 0);
insert into Product (ProductID, ProductName, ServiceID, ProviderID, Price, Duration) values (2, 'HEPARIN SODIUM', 1, 16, 5909, 0);
insert into Product (ProductID, ProductName, ServiceID, ProviderID, Price, Duration) values (3, 'dextrose monohydrate and sodium chloride', 1, 16, 4571, 0);
insert into Product (ProductID, ProductName, ServiceID, ProviderID, Price, Duration) values (4, 'prednisone', 1, 16, 8717, 0);
insert into Product (ProductID, ProductName, ServiceID, ProviderID, Price, Duration) values (5, 'vardenafil hydrochloride', 1, 16, 9097, 0);
insert into Product (ProductID, ProductName, ServiceID, ProviderID, Price, Duration) values (6, 'Ceftriaxone Sodium', 2, 17, 3782, 0);
insert into Product (ProductID, ProductName, ServiceID, ProviderID, Price, Duration) values (7, 'IMIPRAMINE PAMOATE', 2, 17, 5957, 0);
insert into Product (ProductID, ProductName, ServiceID, ProviderID, Price, Duration) values (8, 'TITANIUM DIOXIDE, ZINC OXIDE', 2, 17, 9938, 0);
insert into Product (ProductID, ProductName, ServiceID, ProviderID, Price, Duration) values (9, 'trimethobenzamide hydrochloride', 2, 17, 4672, 0);
insert into Product (ProductID, ProductName, ServiceID, ProviderID, Price, Duration) values (10, 'Povidone Iodine', 2, 17, 5364, 0);
insert into Product (ProductID, ProductName, ServiceID, ProviderID, Price, Duration) values (11, 'Homosalate, Zinc Oxide, Octisalate', 3, 18, 7513, 0);
insert into Product (ProductID, ProductName, ServiceID, ProviderID, Price, Duration) values (12, 'CALCAREA SULPHURICA', 3, 18, 2538, 0);
insert into Product (ProductID, ProductName, ServiceID, ProviderID, Price, Duration) values (13, 'Hyoscyamine Sulfate', 3, 18, 8120, 0);
insert into Product (ProductID, ProductName, ServiceID, ProviderID, Price, Duration) values (14, 'Salicylic Acid', 3, 18, 6145, 0);
insert into Product (ProductID, ProductName, ServiceID, ProviderID, Price, Duration) values (15, 'Triclosan', 3, 18, 5455, 0);
insert into Product (ProductID, ProductName, ServiceID, ProviderID, Price, Duration) values (16, 'Quetiapine Fumarate', 4, 19, 1868, 0);
insert into Product (ProductID, ProductName, ServiceID, ProviderID, Price, Duration) values (17, 'olmesartan medoxomil', 4, 19, 4175, 0);
insert into Product (ProductID, ProductName, ServiceID, ProviderID, Price, Duration) values (18, 'Mixture of Eight Standardized Grasses', 4, 19, 5438, 0);
insert into Product (ProductID, ProductName, ServiceID, ProviderID, Price, Duration) values (19, 'Acetaminophen, Dextromethorphan HBr', 4, 19, 9506, 0);
insert into Product (ProductID, ProductName, ServiceID, ProviderID, Price, Duration) values (20, 'Phenylephrine Hydrochloride', 4, 19, 5303, 0);